{"cameraMode":{"drawMode":0,"name":"Shaded","section":"Shading Mode"},"sceneLighting":true,"audioPlay":false,"sceneViewState":{"m_AlwaysRefresh":false,"showFog":true,"showSkybox":true,"showFlares":true,"showImageEffects":true,"showParticleSystems":true,"showVisualEffectGraphs":true,"m_FxEnabled":true},"in2DMode":false,"pivot":{"x":2.945690631866455,"y":-6.918275356292725,"z":26.644702911376954},"rotation":{"x":0.15322019159793855,"y":0.031120415776968004,"z":-0.004845762625336647,"w":0.9877174496650696},"size":16.041454315185548,"orthographic":false}