{"cameraMode":{"drawMode":0,"name":"Shaded","section":"Shading Mode"},"sceneLighting":true,"audioPlay":false,"sceneViewState":{"m_AlwaysRefresh":false,"showFog":true,"showSkybox":true,"showFlares":true,"showImageEffects":true,"showParticleSystems":true,"showVisualEffectGraphs":true,"m_FxEnabled":true},"in2DMode":false,"pivot":{"x":-0.4471120834350586,"y":0.35260581970214846,"z":455.29998779296877},"rotation":{"x":0.20968636870384217,"y":-0.10100233554840088,"z":0.021755710244178773,"w":0.9723237156867981},"size":7.088725566864014,"orthographic":false}